order id,order url,items,to,date,total,shipping,shipping_refund,gift,tax,refund,payments
113-5556704-1205014,https://www.amazon.com/fopo/order-details?orderID=113-5556704-1205014&ref=ppx_yo2ov_dt_b_fed_wwgs_wfm_ATVPDKIKX0DER,,Silver Spring,2025-01-04,43.08,,,,,,ending in : ;
111-3880933-8794655,https://www.amazon.com/gp/css/order-details?orderID=111-3880933-8794655&ref=ppx_yo2ov_dt_b_fed_order_details,"Supreme Nutrition Rosemary Supreme, 120 Pure Rosemary Vegetarian Capsules | (120 Count (Pack of 1); MRM Nutrition Quercetin| Immune + Cardiovascular Health | 500mg per Serving | Made with QU995: Worldâ€™s purest quercetinâ„¢ | Antioxidant Status | 60 Servings; ",,2025-01-06,54.17,0,,,4.59,,"AmericanExpress ending in 1005: January 7, 2025: $54.17; "
112-7897131-6270649,https://www.amazon.com/gp/css/order-details?orderID=112-7897131-6270649&ref=ppx_yo2ov_dt_b_fed_order_details,Breaking The Habit of Being Yourself: How to Lose Your Mind and Create a New One;,,2025-01-08,12.5,0,,,0.9,,"Visa ending in 7741: January 9, 2025: $12.50; "
113-0783599-2801830,https://www.amazon.com/fopo/order-details?orderID=113-0783599-2801830&ref=ppx_yo2ov_dt_b_fed_wwgs_wfm_ATVPDKIKX0DER,,Silver Spring,2025-01-11,6.48,,,,,,ending in : ;
113-5477527-3449862,https://www.amazon.com/fopo/order-details?orderID=113-5477527-3449862&ref=ppx_yo2ov_dt_b_fed_wwgs_wfm_ATVPDKIKX0DER,,Nashville Downtown,2025-01-14,16.09,,,,,,ending in : ;
111-6465190-0834642,https://www.amazon.com/gp/css/order-details?orderID=111-6465190-0834642&ref=ppx_yo2ov_dt_b_fed_order_details,Hourglass Unlocked Instant Extension Black Mascara. Defining and Lengthening Tubing Mascara for Dramatic Length;,,2025-01-15,4.96,0,,30,2.96,,"AmericanExpress ending in 1005: January 16, 2025: $4.96; "
D01-7482730-8985856,https://www.amazon.com/gp/css/order-details?orderID=D01-7482730-8985856&ref=ppx_yo2ov_dt_b_fed_digi_order_details_318,Lee;,Marian Lally,2025-01-17,4.23,,,,,,2025-01-17: $4.23;
112-9841183-6538623,https://www.amazon.com/gp/css/order-details?orderID=112-9841183-6538623&ref=ppx_yo2ov_dt_b_fed_order_details,"FROWNIES Forehead and Between the Eyes Wrinkle Patches - Hypoallergenic Facial Patches to Smooth & Soften Forehead Wrinkles & Eleven Lines - For Overnight Use, 144 Patches; Opportuniteas Grass Fed Whey Isolate Protein Powder - Unflavored 28g Protein Powder Without Artificial Sweeteners, Hormone-Free Cows, Non GMO - 1lb; ",,2025-01-18,62.44,2.99,,,1.5,,"Visa ending in 0869: January 18, 2025: $62.44; "
112-5194973-2854611,https://www.amazon.com/gp/css/order-details?orderID=112-5194973-2854611&ref=ppx_yo2ov_dt_b_fed_order_details,Allimax Pro 450mg 100 Vegicaps. Allicin Garlic Supplement to Support Your Body’s Immune Function. With Stabilized Allicin Extracted from Clean & Sustainable Spanish Grown Garlic. Professional Strength;,,2025-01-21,82,0,,,0,,"Visa ending in 0869: January 21, 2025: $82.00; "
111-0325540-5712234,https://www.amazon.com/gp/css/order-details?orderID=111-0325540-5712234&ref=ppx_yo2ov_dt_b_fed_order_details,"PBfit 24 Ounce Simply Peanut Powdered Peanut Powder, No Added Sugar or Salt, Non-GMO, Plant-Based, Gluten-Free Protein Powder, 9g of Protein 9% DV; ALOHA Organic Plant Based Protein Bars - Peanut Butter Cup Bar - 12 Bars, Vegan, Low Sugar, Gluten-Free, Low Carb, Non-GMO, No Stevia, No Erythritol; ",,2025-01-22,38.2,0,,,0,,"Visa ending in 7741: January 23, 2025: $38.20; "
114-5156608-2410664,https://www.amazon.com/gp/css/order-details?orderID=114-5156608-2410664&ref=ppx_yo2ov_dt_b_fed_order_details,"Gaia Herbs Nettle Leaf, Organic Stinging Nettle Leaf 60 Count; ",,2025-01-23,30.51,0,,,2.98,,"AmericanExpress ending in 1005: February 4, 2025: $30.51; "
113-6852181-3184259,https://www.amazon.com/fopo/order-details?orderID=113-6852181-3184259&ref=ppx_yo2ov_dt_b_fed_wwgs_wfm_ATVPDKIKX0DER,,Naples,2025-01-23,61.31,,,,,,ending in : ;
113-8625280-8401047,https://www.amazon.com/fopo/order-details?orderID=113-8625280-8401047&ref=ppx_yo2ov_dt_b_fed_wwgs_wfm_ATVPDKIKX0DER,,Naples,2025-01-23,107.64,,,,,,ending in : ;
111-4600911-3079404,https://www.amazon.com/gp/css/order-details?orderID=111-4600911-3079404&ref=ppx_yo2ov_dt_b_fed_order_details,"UBeesize 12'' Selfie Ring Light with 62’’ Tripod Stand for Video Recording, Live Streaming(YouTube, Instagram, TIK Tok), Compatible with Phones, Cameras and Webcams; Vanicream Gentle Facial Cleanser for Sensitive Skin, 8 Oz (Pack of 3), Unscented, 24 Fl Oz; ",,2025-01-24,57.5,0,,,5.06,28.15,"AmericanExpress ending in 1005: January 24, 2025: $57.50; "
111-0298061-0532268,https://www.amazon.com/gp/css/order-details?orderID=111-0298061-0532268&ref=ppx_yo2ov_dt_b_fed_order_details,"Leettus 2pcs Lavalier Wireless Microphone for iPhone 15/Android Video Recording,Mini Microphone for Game Live Streaming,Interviews,YouTube,TikTok,Vlog; ",,2025-01-24,25.12,0,,,2.13,25.12,"AmericanExpress ending in 1005: January 24, 2025: $25.12; "
113-0597658-7985849,https://www.amazon.com/fopo/order-details?orderID=113-0597658-7985849&ref=ppx_yo2ov_dt_b_fed_wwgs_wfm_ATVPDKIKX0DER,,Nashville Downtown,2025-01-25,21.45,,,,,,ending in : ;
114-9104427-5768217,https://www.amazon.com/gp/css/order-details?orderID=114-9104427-5768217&ref=ppx_yo2ov_dt_b_fed_order_details,"Niupipo Pickleball Paddles - USAPA Approved Graphite Fiberglass Pickleball Paddles Set of 2 with Polypropylene Honeycomb Core, Enhanced Grip, Complete Pickleball Paddles Set for Beginners; ",,2025-01-25,21.14,0,,,1.2,,"Visa ending in 1923: January 25, 2025: $21.14; "
112-9023295-6344262,https://www.amazon.com/gp/css/order-details?orderID=112-9023295-6344262&ref=ppx_yo2ov_dt_b_fed_order_details,"Avenova Moist Heating Eye Compress Mask – Reusable & Microwavable Eye Mask Provides Relief from Allergies, Sinuses, Headaches, Puffy and Irritated Eyes, Dry Eyes, Blepharitis, and Styes; ALOHA Organic Plant Based Protein Bars - Peanut Butter Cup Bar - 12 Bars, Vegan, Low Sugar, Gluten-Free, Low Carb, Non-GMO, No Stevia, No Erythritol; ",,2025-01-26,44.34,0,,,1.44,,"Visa ending in 0869: January 26, 2025: $44.34; "
113-1776600-4737015,https://www.amazon.com/gp/css/order-details?orderID=113-1776600-4737015&ref=ppx_yo2ov_dt_b_fed_order_details,"Daily Planner, Calendar & Life Organizer to Improve Time-Management, Productivity & Happiness | Vegan Leather Hardcover Notebook with Blank Dates, Undated 6 Months ADHD Planner for Men, 24 Hour Agenda (Black); ",,2025-01-27,26.49,0,,,1.5,,"Discover ending in 4631: January 27, 2025: $26.49; "
112-3055609-9580206,https://www.amazon.com/gp/css/order-details?orderID=112-3055609-9580206&ref=ppx_yo2ov_dt_b_fed_order_details,"Viva Naturals Triple Strength Omega 3 Fish Oil Supplement - 2500 mg Fish Oil with Re-Esterified Omega 3 Fatty Acids Including EPA, DHA DPA - 60 Pescatarian-Friendly Softgels; ",,2025-01-28,19.7,0,,,1.75,,"AmericanExpress ending in 1005: February 4, 2025: $19.70; "
111-2655951-0112205,https://www.amazon.com/gp/css/order-details?orderID=111-2655951-0112205&ref=ppx_yo2ov_dt_b_fed_order_details,Qifutan Car Phone Holder Mount Phone Mount for Car Windshield Dashboard Air Vent Universal Hands Free Automobile Cell Phone Holder Fit for iPhone Smartphone Carbon Fiber;,,2025-01-29,12.06,0,,,1.02,,"AmericanExpress ending in 1005: January 29, 2025: $12.06; "
111-2126290-5962649,https://www.amazon.com/gp/css/order-details?orderID=111-2126290-5962649&ref=ppx_yo2ov_dt_b_fed_order_details,"MOFT Phone Tripod Stand Compatible with iPhone 16/15/14/13/12 Series, Angle Adjustment & Strong Magnets & MagSafe Compatible MOVAS Invisible Selfie Stick Tripod, Jet Black; Amazon Basics 50-inch Lightweight Portable Camera Mount Tripod Stand with Bag, for Travel Photography, Champagne; ",,2025-01-29,56.77,0,,,4.8,16.35,"AmericanExpress ending in 1005: January 30, 2025: $56.77; "
113-2423901-3685005,https://www.amazon.com/fopo/order-details?orderID=113-2423901-3685005&ref=ppx_yo2ov_dt_b_fed_wwgs_wfm_ATVPDKIKX0DER,,Nashville Downtown,2025-01-29,23.52,,,,,,ending in : ;
D01-1998479-6617830,https://www.amazon.com/gp/css/order-details?orderID=D01-1998479-6617830&ref=ppx_yo2ov_dt_b_fed_digi_order_details_405,ABC7 New York;,Marian Lally,2025-01-29,0,,,,,,2025-01-29: $0.00;
D01-4403675-0243408,https://www.amazon.com/gp/css/order-details?orderID=D01-4403675-0243408&ref=ppx_yo2ov_dt_b_fed_digi_order_details_405,VH1;,Marian Lally,2025-01-29,0,,,,,,2025-01-29: $0.00;
D01-0709223-3734661,https://www.amazon.com/gp/css/order-details?orderID=D01-0709223-3734661&ref=ppx_yo2ov_dt_b_fed_digi_order_details_405,Lifetime;,Marian Lally,2025-01-29,0,,,,,,2025-01-29: $0.00;
D01-6498405-7254619,https://www.amazon.com/gp/css/order-details?orderID=D01-6498405-7254619&ref=ppx_yo2ov_dt_b_fed_digi_order_details_405,YouTube TV;,Marian Lally,2025-01-29,0,,,,,,2025-01-29: $0.00;
113-0285742-2357013,https://www.amazon.com/fopo/order-details?orderID=113-0285742-2357013&ref=ppx_yo2ov_dt_b_fed_wwgs_wfm_ATVPDKIKX0DER,,Silver Spring,2025-01-31,28.79,,,,,,ending in : ;
112-1507062-5359457,https://www.amazon.com/gp/css/order-details?orderID=112-1507062-5359457&ref=ppx_yo2ov_dt_b_fed_order_details,"3Biome - Natural Probiotic Supplement - Non-GMO, Vegan, Gluten-Free; Nectar Hydration Packets - Electrolytes Powder Packets - No Sugar or Calories - Organic Fruit Liquid Daily IV Hydrate Packets for Dehydration Relief & Rehydration (Strawb. Lemon 18 Pack); ",,2025-02-08,58.57,0,,,0,,"Visa ending in 0869: February 8, 2025: $58.57; "
113-6879080-8857067,https://www.amazon.com/fopo/order-details?orderID=113-6879080-8857067&ref=ppx_yo2ov_dt_b_fed_wwgs_wfm_ATVPDKIKX0DER,,Nashville Downtown,2025-02-09,29.02,,,,,,ending in : ;
114-5455871-6107445,https://www.amazon.com/gp/css/order-details?orderID=114-5455871-6107445&ref=ppx_yo2ov_dt_b_fed_order_details,"ForestLeaf D Mannose 1000mg Capsules - D-Mannose with Cranberry, Hibiscus & VIT C, Urinary Tract Health for Women and Men, DMannose Pills for UTI, Urinary Health & Bladder Support 120 Capsules; ",,2025-02-10,22.66,0,,,2.01,,"AmericanExpress ending in 1005: February 18, 2025: $22.66; "
112-2212233-0238625,https://www.amazon.com/gp/your-account/order-details/ref=oh_aui_or_o01_?ie=UTF8&orderID=112-2212233-0238625,,,2025-02-10,,,,,,,
113-0753310-1560211,https://www.amazon.com/fopo/order-details?orderID=113-0753310-1560211&ref=ppx_yo2ov_dt_b_fed_wwgs_wfm_ATVPDKIKX0DER,,Riverdale Park,2025-02-12,36.01,,,,,,ending in : ;
111-3858358-9708237,https://www.amazon.com/gp/css/order-details?orderID=111-3858358-9708237&ref=ppx_yo2ov_dt_b_fed_order_details,"Supreme Nutrition Rosemary Supreme, 120 Pure Rosemary Vegetarian Capsules | (120 Count (Pack of 1); ",,2025-02-13,20.72,0,,10,2.73,,"AmericanExpress ending in 1005: February 14, 2025: $20.72; "
111-5788390-1014663,https://www.amazon.com/gp/css/order-details?orderID=111-5788390-1014663&ref=ppx_yo2ov_dt_b_fed_order_details,"DIM Supplement 200 mg | Estrogen Balance for Women & Men | Hormonal Acne, Hormone Balance, Menopause & Antioxidant Support | Clean Label Project Certified, Vegan & Soy Free Diindolylmethane | 60 Ct.; ",,2025-02-13,14.45,0,,,1.28,,"AmericanExpress ending in 1005: February 19, 2025: $14.45; "
112-6176109-7826624,https://www.amazon.com/gp/your-account/order-details/ref=oh_aui_or_o01_?ie=UTF8&orderID=112-6176109-7826624,,,2025-02-16,,,,,,,
112-8220723-7997020,https://www.amazon.com/gp/css/order-details?orderID=112-8220723-7997020&ref=ppx_yo2ov_dt_b_fed_order_details,"U/S/Kinky Curly Curl Cusard Gel 8oz - Definition Enhancing, Frizz-Fighting Formula for Textured Curls; ",,2025-02-16,21.69,0,,,1.7,,"Visa ending in 7741: February 16, 2025: $21.69; "
112-4800686-3256219,https://www.amazon.com/gp/css/order-details?orderID=112-4800686-3256219&ref=ppx_yo2ov_dt_b_fed_order_details,SheaMoisture Multi-Action Leave-In Conditioner for Damaged Hair Manuka Honey and Yogurt Sulfate Free Conditioner Spray 8 oz;,,2025-02-16,11.82,0,,,0.85,,"Visa ending in 7741: February 17, 2025: $11.82; "
113-6834383-5570607,https://www.amazon.com/fopo/order-details?orderID=113-6834383-5570607&ref=ppx_yo2ov_dt_b_fed_wwgs_wfm_ATVPDKIKX0DER,,Nashville Downtown,2025-02-18,15.81,,,,,,ending in : ;
111-0260939-3511470,https://www.amazon.com/gp/css/order-details?orderID=111-0260939-3511470&ref=ppx_yo2ov_dt_b_fed_order_details,"Anker USB C to HDMI Adapter (@60Hz), 310 USB-C (4K HDMI), Aluminum, Portable, for MacBook Pro, Air, iPad pROPixelbook, XPS, Galaxy, and More; 5/8/12/24 Pack Marshmallow Roasting Sticks Set, Extendable 32in Long Metal Barbecue Skewers with Wooden Handle, for Marshmallow, Hot Dogs, Camping, BBQ, Grill(5 Pack); [Sound by JBL & Built-in Battery] Yaber T2 Outdoor Projector with WiFi 6 and Bluetooth, Native 1080P Smart Movie Portable Projector for Inside and Outside, Compatible with TV Dongle (Not included); ",,2025-02-19,384.64,2.99,,,27.67,366.34,"Visa ending in 7741: February 19, 2025: $384.64; "
111-3339281-4395437,https://www.amazon.com/gp/css/order-details?orderID=111-3339281-4395437&ref=ppx_yo2ov_dt_b_fed_order_details,"Projector Screen with Stand, Wootfairy 120 inch Portable and Foldable Indoor Outdoor Projection Screen 16:9 4K HD Rear Front Wrinkle-Free Movie Screen with Carry Bag for Home Theater Backyard Cinema; Projector with WiFi and Bluetooth, Upgrade Outdoor Projector, Mini Movie Projector Supports 1080P Synchronize Smartphone Screen by WiFi/USB Cable for Home Entertainment; ",,2025-02-19,134.2,2.99,,,9.22,134.2,"Visa ending in 7741: February 19, 2025: $134.20; "
111-2014973-9965837,https://www.amazon.com/gp/css/order-details?orderID=111-2014973-9965837&ref=ppx_yo2ov_dt_b_fed_order_details,The Artist's Way Starter Kit;,,2025-02-21,20.47,0,,,1.47,20.47,"Visa ending in 7741: February 22, 2025: $20.47; "
113-4083516-4090637,https://www.amazon.com/fopo/order-details?orderID=113-4083516-4090637&ref=ppx_yo2ov_dt_b_fed_wwgs_wfm_ATVPDKIKX0DER,,Silver Spring,2025-02-22,11.98,,,,,,ending in : ;
111-7329961-8434614,https://www.amazon.com/gp/css/order-details?orderID=111-7329961-8434614&ref=ppx_yo2ov_dt_b_fed_order_details,"Bonsenkitchen Powerful Milk Frother for Coffee, Fast Handheld Drink Mixer with Stainless Steel Whisk, Battery Operated Hand Frother Stirrer Wand-Black; ALOHA Organic Plant Based Protein Bars, Chocolate Mint, 1.98 Oz (Pack of 12); ",,2025-02-23,31.64,2.99,,,0.62,,"Visa ending in 7741: February 23, 2025: $31.64; "
111-6341020-3155447,https://www.amazon.com/gp/css/order-details?orderID=111-6341020-3155447&ref=ppx_yo2ov_dt_b_fed_order_details,"About Time Vegan Protein Supplement, Vanilla, 2 Pound; ",,2025-02-23,48.48,0,,,3.49,,"Visa ending in 7741: February 23, 2025: $48.48; "
111-1756565-2393869,https://www.amazon.com/gp/css/order-details?orderID=111-1756565-2393869&ref=ppx_yo2ov_dt_b_fed_order_details,"Teeccino Herbal Tea Sampler Assortment - Maca Chocolaté, French Roast, Hazelnut, Vanilla Nut - Roasted Caffeine Free Herbal Tea, Prebiotic for Natural Energy, 12 Tea Bags; Teeccino Dandelion Tea Sampler - Caramel Nut, Coconut, Dark Roast, Mocha Mint, Red Chai, Turmeric - Roasted Herbal Tea, Caffeine Free & Prebiotic with Detoxifying Dandelion - 12 Tea Bags; ",,2025-03-04,20.6,0,,,0,,"Visa ending in 7741: March 5, 2025: $20.60; "
113-0246109-1955476,https://www.amazon.com/gp/css/order-details?orderID=113-0246109-1955476&ref=ppx_yo2ov_dt_b_fed_order_details,"Columbia Men's Terminal Tackle Long Sleeve Fishing Shirt, White Cap/White Logo, X-Large; maamgic Men's Swim Trunks 5.5 inch Seersucker Beach Shorts Quick Dry Bathing Suits with Mesh Liner Green Stripe Large; Roadbox Mens UPF 50+ Long Sleeve SPF Diving Rash Guard UV Sun Protection Shirts for Outdoor Fishing Hiking Swimming Running Yellow; ",,2025-03-06,64.75,2.99,,,3.67,,"Visa ending in 1116: March 7, 2025: $64.75; "
111-0914220-1684238,https://www.amazon.com/gp/css/order-details?orderID=111-0914220-1684238&ref=ppx_yo2ov_dt_b_fed_order_details,"Sensodyne Pronamel Intensive Enamel Repair Toothpaste for Sensitive Teeth, to Reharden and Strengthen Enamel, Extra Fresh - 3.4 Ounces; ",,2025-03-06,7.52,0,,,0.54,,"Visa ending in 7741: March 6, 2025: $7.52; "
111-5031236-1502621,https://www.amazon.com/gp/css/order-details?orderID=111-5031236-1502621&ref=ppx_yo2ov_dt_b_fed_order_details,"Nutricost Melatonin 5mg, 240 Capsules - 5mg Per Serving, Non-GMO, Gluten Free; ",,2025-03-06,10.78,0,,,0.78,,"Visa ending in 7741: March 6, 2025: $10.78; "
D01-6730245-1741058,https://www.amazon.com/gp/css/order-details?orderID=D01-6730245-1741058&ref=ppx_yo2ov_dt_b_fed_digi_order_details_318,Conclave;,Marian Lally,2025-03-08,6.35,,,,,,2025-03-08: $6.35;
111-5560818-5776265,https://www.amazon.com/gp/css/order-details?orderID=111-5560818-5776265&ref=ppx_yo2ov_dt_b_fed_order_details,"JBL PartyBox 110 - Portable Party Speaker with Built-in Lights, Powerful Sound and deep bass, Black; ",,2025-03-09,312.42,0,,,22.47,312.42,"Visa ending in 7741: March 10, 2025: $312.42; "
113-7356782-4898624,https://www.amazon.com/gp/css/order-details?orderID=113-7356782-4898624&ref=ppx_yo2ov_dt_b_fed_order_details,COOFANDY Men's Linen Pants Drawstring Casual Trousers Lightweight Loose Beach Yoga Pants with Pockets White Medium;,,2025-03-10,28.61,0,,,1.62,,"Discover ending in 4631: March 11, 2025: $28.61; "
112-8085271-8729814,https://www.amazon.com/gp/css/order-details?orderID=112-8085271-8729814&ref=ppx_yo2ov_dt_b_fed_order_details,"Mrsdry Travel Bottles for Toiletries, Tsa Approved 3oz Travel Size Containers BPA Free Leak Proof Refillable Liquid Silicone Squeezable Travel Accessories for Shampoo Conditioner Lotion (4 Pack); ",,2025-03-11,10.76,0,,,0.77,,"Visa ending in 7741: March 11, 2025: $10.76; "
111-8683227-3200233,https://www.amazon.com/gp/css/order-details?orderID=111-8683227-3200233&ref=ppx_yo2ov_dt_b_fed_order_details,"MRM Nutrition Quercetin| Immune + Cardiovascular Health | 500mg per Serving | Made with QU995: Worldâ€™s purest quercetinâ„¢ | Antioxidant Status | 60 Servings; Solaray Zinc 50mg Immune Support Capsules, 100 Count, Vegan, Pumpkin Seed; NOW Foods Supplements, Pantothenic Acid (Vitamin B-5) 500 mg, B-Complex Vitamin, 100 Capsules; ",,2025-03-15,41.93,0,,,3.73,,"AmericanExpress ending in 1005: March 17, 2025: $41.93; "
112-4344388-2580237,https://www.amazon.com/gp/your-account/order-details/ref=oh_aui_or_o01_?ie=UTF8&orderID=112-4344388-2580237,,,2025-03-16,,,,,,,
114-3063307-4959446,https://www.amazon.com/gp/css/order-details?orderID=114-3063307-4959446&ref=ppx_yo2ov_dt_b_fed_order_details,"Viva Naturals Triple Strength Omega 3 Fish Oil Supplement - 2500 mg Fish Oil with Re-Esterified Omega 3 Fatty Acids Including EPA, DHA DPA - 60 Pescatarian-Friendly Softgels; ",,2025-03-17,19.7,0,,,1.75,,"AmericanExpress ending in 1005: March 24, 2025: $19.70; "
113-7959688-3268224,https://www.amazon.com/gp/css/order-details?orderID=113-7959688-3268224&ref=ppx_yo2ov_dt_b_fed_order_details,"Gaia Herbs Stinging Nettle Leaf - Respiratory & Immune Health Support* - Supplement with Stinging Nettle Leaf Extract - Vegan, Gluten-Free, Soy-Free - 60 Liquid Phyto-Caps (30 Servings); ",,2025-03-17,30.51,0,,,2.98,,"AmericanExpress ending in 1005: April 1, 2025: $30.51; "
111-8919441-5182658,https://www.amazon.com/gp/css/order-details?orderID=111-8919441-5182658&ref=ppx_yo2ov_dt_b_fed_order_details,"Dawn Powerwash Free & Clear Light Pear Dish Spray, Dish Soap Starter Kit, 16 Fl Oz; ",,2025-03-17,3.83,0,,,0.34,,"AmericanExpress ending in 1005: March 17, 2025: $3.83; "
114-0977302-5137863,https://www.amazon.com/gp/css/order-details?orderID=114-0977302-5137863&ref=ppx_yo2ov_dt_b_fed_order_details,Tasty Prebiotic Fiber Gummies for Adults - High Fiber Supplement Gummies Vitamins for Adults with Prebiotic Soluble Chicory Root for Immunity and Digestive Support - Non GMO Vegan Halal 120 count;,,2025-03-17,23.7,0,,,2.11,,"AmericanExpress ending in 1005: April 1, 2025: $23.70; "
113-1325221-7233042,https://www.amazon.com/gp/css/order-details?orderID=113-1325221-7233042&ref=ppx_yo2ov_dt_b_fed_order_details,"ForestLeaf D Mannose 1000mg Capsules - D-Mannose with Cranberry, Hibiscus & VIT C, Urinary Tract Health for Women and Men, DMannose Pills for UTI, Urinary Health & Bladder Support 120 Capsules; ",,2025-03-17,22.66,0,,,2.01,,"AmericanExpress ending in 1005: April 1, 2025: $22.66; "
111-4170835-9473834,https://www.amazon.com/gp/css/order-details?orderID=111-4170835-9473834&ref=ppx_yo2ov_dt_b_fed_order_details,"ZIXMMO 19""+18"" windshield wiper blades with 10"" Rear Wiper Blades Set Replacement for 2005-2006 Mini Cooper R50 R53,2007-2012 R56,2014-2022 F55 F56-Original Factory Quality，Easy DIY Install (Set of 3); ",,2025-03-22,20.98,0,,,1.19,,"Visa ending in 0869: March 22, 2025: $20.98; "
112-7153739-0281865,https://www.amazon.com/gp/css/order-details?orderID=112-7153739-0281865&ref=ppx_yo2ov_dt_b_fed_order_details,JBL PARTYBOX Stage 320 Portable Party Speaker with Wheels - Black (Renewed);,Matthew Lally,2025-03-25,0,0,,456.82,32.86,,ending in : ;
112-8027007-9774659,https://www.amazon.com/gp/css/order-details?orderID=112-8027007-9774659&ref=ppx_yo2ov_dt_b_fed_order_details,"ALOHA Organic Plant Based Protein Bars - Peanut Butter Cup Bar - 12 Bars, Vegan, Low Sugar, Gluten-Free, Low Carb, Non-GMO, No Stevia, No Erythritol; ",,2025-03-29,17.99,0,,,0,,"Visa ending in 7741: April 4, 2025: $17.99; "
112-2129942-3701820,https://www.amazon.com/gp/css/order-details?orderID=112-2129942-3701820&ref=ppx_yo2ov_dt_b_fed_order_details,"MOSH Lemon White Chocolate Keto Protein Bars, High Fiber, Low Carb, Gluten Free, High Protein, Brain Healthy Snack, 12 Count; ",,2025-03-29,31.67,0,,,0,,"Visa ending in 7741: April 3, 2025: $31.67; "
111-3719418-7154637,https://www.amazon.com/gp/css/order-details?orderID=111-3719418-7154637&ref=ppx_yo2ov_dt_b_fed_order_details,"Pyle Universal Speaker Tripod Stand Mount - 6' Sound Equipment Holder Height Adjustable Up to 70 Inches For Speakers w/ 35mm Compatible Insert Perfect for Home, On Stage or In Studio Use; ",Matthew Lally,2025-04-03,0,0,,30.17,2.17,,ending in : ;
D01-1825065-2557025,https://www.amazon.com/gp/css/order-details?orderID=D01-1825065-2557025&ref=ppx_yo2ov_dt_b_fed_digi_order_details_318,September 5;,Marian Lally,2025-04-04,6.35,,,6.35,,,2025-04-04: $6.35;
111-7332966-5349817,https://www.amazon.com/gp/css/order-details?orderID=111-7332966-5349817&ref=ppx_yo2ov_dt_b_fed_order_details,"UGREEN 3.5mm to RCA Cable, 6.6FT RCA Male to Aux Audio Adapter HiFi Sound Headphone Jack Adapter Metal Shell Y Splitter Auxiliary Cord 1/8 Connector for Phone Speaker MP3 Tablet HDTV; ",,2025-04-05,8.61,0,,,0.62,,"Visa ending in 7741: April 6, 2025: $8.61; "
111-7090205-0969045,https://www.amazon.com/gp/css/order-details?orderID=111-7090205-0969045&ref=ppx_yo2ov_dt_b_fed_order_details,"VTOGOI Wiper Blades With Rear Wiper Blades Set For Mini Cooper Countryman 2013-2016 Automotive Replacement Windshield Wiper Blades, That Meet OEM Quality Easy DIY Install 20 ""+19""+10""(Set of 3); ",,2025-04-05,20.13,0,,,1.14,20.13,"Visa ending in 0869: April 5, 2025: $20.13; "
111-3217447-9624266,https://www.amazon.com/gp/css/order-details?orderID=111-3217447-9624266&ref=ppx_yo2ov_dt_b_fed_order_details,"Burpee Wildflower 25,000 Bulk, 1 Bag | 18 Varieties of Non-GMO Flower Seeds Pollinator Garden, Perennial Mix; ",,2025-04-05,1.79,0,,6.66,0.48,,"Visa ending in 0869: April 5, 2025: $1.79; "
112-6288848-1330604,https://www.amazon.com/gp/css/order-details?orderID=112-6288848-1330604&ref=ppx_yo2ov_dt_b_fed_order_details,"Ailun 3 Pack Screen Protector for iPhone 16 [6.1 inch] + 3 Pack Camera Lens Protector with Installation Frame,Case Friendly Tempered Glass Film,[9H Hardness] - HD [6 Pack]; TORRAS Clear Case for iPhone 16 Case, [Ultra-Thin] [Anti-Yellowing] [Military Drop Protective] Slim Soft Silicone TPU Cover for iPhone 16 Phone Case, Clear; ",,2025-04-09,23.67,0,,,1.7,,"Visa ending in 0869: April 12, 2025: $23.67; "
113-4753446-6345800,https://www.amazon.com/gp/css/order-details?orderID=113-4753446-6345800&ref=ppx_yo2ov_dt_b_fed_order_details,"Philips QP230/50 replacement blade, 3 pieces; ",,2025-04-10,35.71,0,,,2.02,,"Discover ending in 4631: April 10, 2025: $35.71; "
112-3173405-3733064,https://www.amazon.com/gp/css/order-details?orderID=112-3173405-3733064&ref=ppx_yo2ov_dt_b_fed_order_details,"Ailun 3 Pack Screen Protector for iPhone 16 [6.1 inch] + 3 Pack Camera Lens Protector with Installation Frame,Case Friendly Tempered Glass Film,[9H Hardness] - HD [6 Pack]; ",,2025-04-12,8.46,0,,,0.48,8.46,"Visa ending in 0869: April 13, 2025: $8.46; "
112-2712640-0333807,https://www.amazon.com/gp/css/order-details?orderID=112-2712640-0333807&ref=ppx_yo2ov_dt_b_fed_order_details,"TORRAS Clear Case for iPhone 16 Case, [Ultra-Thin] [Anti-Yellowing] [Military Drop Protective] Slim Soft Silicone TPU Cover for iPhone 16 Phone Case, Clear; ",,2025-04-12,14.83,0,,,0.84,14.83,"Visa ending in 0869: April 13, 2025: $14.83; "
111-0082155-6456222,https://www.amazon.com/gp/css/order-details?orderID=111-0082155-6456222&ref=ppx_yo2ov_dt_b_fed_order_details,"Gaia Herbs Stinging Nettle Leaf - Respiratory & Immune Health Support* - Supplement with Stinging Nettle Leaf Extract - Vegan, Gluten-Free, Soy-Free - 60 Liquid Phyto-Caps (30 Servings); ",,2025-04-14,30.51,0,,,2.98,,"AmericanExpress ending in 1005: April 29, 2025: $30.51; "
113-6990795-2754604,https://www.amazon.com/gp/css/order-details?orderID=113-6990795-2754604&ref=ppx_yo2ov_dt_b_fed_order_details,"Nutricost Creatine Monohydrate Micronized Powder 500G, 5000mg Per Serv (5g) - 100 Servings, 17.9 Oz; ",,2025-04-15,19.99,0,,,0,,"Discover ending in 4631: April 15, 2025: $19.99; "
112-1049377-8309814,https://www.amazon.com/gp/css/order-details?orderID=112-1049377-8309814&ref=ppx_yo2ov_dt_b_fed_order_details,"Tork Multifold Hand Towel, Natural, 100% recycled, FSC certified, Compatible with H2 Dispensers, 16 packs x 250 sheets (MK520A); ",Marian Lally,2025-04-17,39.45,0,,,2.23,,"Visa ending in 8817: April 18, 2025: $39.45; "
114-6844109-0197009,https://www.amazon.com/gp/your-account/order-details/ref=oh_aui_or_o01_?ie=UTF8&orderID=114-6844109-0197009,,,2025-04-19,,,,,,,
111-7617464-2810609,https://www.amazon.com/gp/css/order-details?orderID=111-7617464-2810609&ref=ppx_yo2ov_dt_b_fed_order_details,"Hello Vitamin C Whitening Toothpaste with Fluoride, Teeth Whitening Toothpaste for Adults, Helps Freshen Breath and Removes Surface Stains, SLS Free, Natural Peppermint Flavor, 4.0 oz Tube; Lincoln Shoe Polish Wax - 2-1/8 oz | Made in USA Since 1925 - Brown; Lincoln Shoe Polish Wax - 2-1/8 oz | Made in USA Since 1925 - Black; ",,2025-04-19,29.16,0,,,1.32,,"Visa ending in 0869: April 19, 2025: $29.16; "
111-7466671-1584205,https://www.amazon.com/gp/css/order-details?orderID=111-7466671-1584205&ref=ppx_yo2ov_dt_b_fed_order_details,"Abahub Premium Surfboard Leash, Straight Surf Board Leg Rope, Legrope Strap for Longboard, SUP Paddleboard Replacement Leashes 10 Foot Black 7 mm Thick; ",,2025-04-20,24.77,0,,,1.78,,"Visa ending in 0869: April 20, 2025: $24.77; "
112-3268753-6001066,https://www.amazon.com/gp/your-account/order-details/ref=oh_aui_or_o01_?ie=UTF8&orderID=112-3268753-6001066,,,2025-04-21,,,,,,,
113-2895165-6888202,https://www.amazon.com/gp/your-account/order-details/ref=oh_aui_or_o01_?ie=UTF8&orderID=113-2895165-6888202,,,2025-04-21,,,,,,,
112-3148994-1855434,https://www.amazon.com/gp/css/order-details?orderID=112-3148994-1855434&ref=ppx_yo2ov_dt_b_fed_order_details,"2 Pack US to UK Ireland Travel Plug Adapter, Type G Power Plug Adapter with 3 Outlets 3 USB Ports(2 USB C), European Travel Plug Adapter for USA to England London Scotland British Qatar Irish HongKong; Kinky Curly Curl Custard Gel, 8 oz; ",,2025-04-22,43.44,0,,,2.46,,"Visa ending in 0869: April 25, 2025: $43.44; "
112-0330393-6561031,https://www.amazon.com/gp/css/order-details?orderID=112-0330393-6561031&ref=ppx_yo2ov_dt_b_fed_order_details,Keemall Inflatable Travel Neck Pillow for Airplane Train Car Washable Pillowcase U Shaped Office Napping Pillow;,,2025-04-24,27.54,2.99,,,1.56,,"Visa ending in 0869: April 25, 2025: $27.54; "
112-7905738-0389015,https://www.amazon.com/gp/css/order-details?orderID=112-7905738-0389015&ref=ppx_yo2ov_dt_b_fed_order_details,"sogreenpack Eco-Friendly PLA Compostable 9oz Cups (50 Pieces) Biodegradable Disposable Party Cups for Drinks, Snacks & Desserts; Stock Your Home 16 oz Clear Commercially Compostable Cold Cups (100 Pack) Plant Based Eco Party Cup, Environmentally Friendly Recyclable Disposable Sustainable for Water, Wine, Beer Sample; ",,2025-04-26,49.79,0,,,2.82,49.79,"Visa ending in 9696: April 27, 2025: $49.79; "
112-0545147-6527431,https://www.amazon.com/gp/css/order-details?orderID=112-0545147-6527431&ref=ppx_yo2ov_dt_b_fed_order_details,"Class of 2025 Graduation Cocktail Napkins - 100-PK 3-Ply Disposable Congrats Grad Paper Hand Towels for School, University, College Party Celebration Decorations (Black Red); CantaGreen 6 inch Small Compostable Dessert Plates,100 Count Heavyduty Sugarcane/Bagasse and Bamboo Fibre Biodegradable Disposable Paper Plate; ",,2025-04-26,27.48,2.99,,,1.56,,"Visa ending in 9696: April 27, 2025: $27.48; "
112-6530146-3861037,https://www.amazon.com/gp/css/order-details?orderID=112-6530146-3861037&ref=ppx_yo2ov_dt_b_fed_order_details,"USB C to Lightning Headphone Audio Adapter for iPhone 16 15 Plus Pro Max with Charge Data,Type C Male to Female Lightning Earphone Converter Dongle for iPad Pro Air Mini MacBook; 4 Pack Lightning to USB C Adapter for iPhone 15/16 Pro/16 Pro Max/Plus,Samsung S24,iPad Air,Nintendo Switch,Fast Charging&Data Transfer (Lightning to USB C Adapter); Orgain Organic Simple Vegan Protein Powder, Vanilla - 20g Plant Based Protein, Made with less Ingredients, No Artificial Sweeteners, Gluten Free, No Dairy or Lactose, 1.25 lb (Packaging May Vary); ",,2025-04-26,38.84,0,,,1.01,,"Visa ending in 0869: April 26, 2025: $38.84; "
111-6136013-3885848,https://www.amazon.com/gp/css/order-details?orderID=111-6136013-3885848&ref=ppx_yo2ov_dt_b_fed_order_details,"JBL TUNE 310C - Wired Hi-Res in-Ear Headphones, Tangle-free flat cable, 3-button remote with microphone (Black) (Renewed); ",,2025-04-27,15.39,0,,,0.87,,"Visa ending in 9696: April 27, 2025: $15.39; "
113-9968708-6593069,https://www.amazon.com/fopo/order-details?orderID=113-9968708-6593069&ref=ppx_yo2ov_dt_b_fed_wwgs_wfm_ATVPDKIKX0DER,,Silver Spring,2025-04-29,10.38,,,,,,ending in : ;
112-3473644-5458603,https://www.amazon.com/gp/css/order-details?orderID=112-3473644-5458603&ref=ppx_yo2ov_dt_b_fed_order_details,"12 oz Clear Commercially Compostable Wine Cups (100 Pack) - Plant Based Eco Party Cup, Environmentally Friendly Recyclable Disposable Sustainable for Water & Beer, Stemless; ",,2025-04-29,36.03,0,,,2.04,,"Visa ending in 9696: April 30, 2025: $36.03; "
111-5475650-9079406,https://www.amazon.com/gp/css/order-details?orderID=111-5475650-9079406&ref=ppx_yo2ov_dt_b_fed_order_details,"Easvorix Vacuum Magnetic Phone Holder with Metal Ring Compatible with iPhone All Phone, Portable Universal Collapsible Magnetic Phone Stand for Gym, Car Mount with Windshield Suction Cup; ",,2025-05-03,12.06,0,,,1.07,,"AmericanExpress ending in 1005: May 4, 2025: $12.06; "
111-0450408-2298604,https://www.amazon.com/gp/css/order-details?orderID=111-0450408-2298604&ref=ppx_yo2ov_dt_b_fed_order_details,"USPS Forever Stamps ""Four Flags"" Booklet of 20 Stamps; ",Matthew Lally,2025-05-09,15.2,0,,,0,,Visa ending in 7741: 2025-05-09: $15.20;
112-5140949-4993826,https://www.amazon.com/gp/your-account/order-details/ref=oh_aui_or_o01_?ie=UTF8&orderID=112-5140949-4993826,,,2025-05-12,,,,,,,
111-3453083-7533825,https://www.amazon.com/gp/your-account/order-details/ref=oh_aui_or_o01_?ie=UTF8&orderID=111-3453083-7533825,,,2025-05-12,,,,,,,
112-5853337-7993815,https://www.amazon.com/gp/css/order-details?orderID=112-5853337-7993815&ref=ppx_yo2ov_dt_b_fed_order_details,"DIM Supplement 200 mg | Estrogen Balance for Women & Men | Hormonal Acne, Hormone Balance, Menopause & Antioxidant Support | Clean Label Project Certified, Vegan & Soy Free Diindolylmethane | 60 Ct.; ",Jenna Lally,2025-05-12,25.63,0,,,2.28,,Visa ending in 9696: 2025-05-12: $25.63;
111-0186423-3294672,https://www.amazon.com/gp/css/order-details?orderID=111-0186423-3294672&ref=ppx_yo2ov_dt_b_fed_order_details,"Earth Pak Waterproof Dry Bag with Zippered Pocket - Waterproof Dry Bag Backpack Keeps Gear Dry for Boating, Camping, Fishing, Beach Drybag, Kayak Accessories - Dry Bags Waterproof with Phone Case 10L; Autovir Foldable Windshield Sun Shade for Car – 240T Reflective UV and Heat Shield with Storage Bag | Keeps Interior Cool | Universal Fit for Sedans, SUVs, and Trucks – Medium (64"" x 32""); Honeydew Labs Hypochlorous Acid Spray – Eyelid Cleanser, HOCl Face & Skin Mist for Acne, Eczema & Irritation – Multi-Purpose Skin Repair – Post-Workout, Scalp & Sensitive Skin, Travel Size - 2 oz; IUGA Long Sleeve Shirts for Women UPF 50+ Rash Guard Athletic Workout Tops with Pockets for Dry Fit Hiking Running Swim Shirt White; ",Jenna Lally,2025-05-14,59.77,0,,,5.31,10.42,American Express ending in 1005: 2025-05-14: $59.77;
112-9915907-3254658,https://www.amazon.com/gp/css/order-details?orderID=112-9915907-3254658&ref=ppx_yo2ov_dt_b_fed_order_details,"Hot Shot BedBug And Flea Fogger 3 Count-2 Ounce Cans, With Nylar, Inhibits Flea Reinfestation; ",Bill Lally,2025-05-17,12.12,0,,,0.69,,Visa ending in 9696: 2025-05-17: $12.12;
113-0901596-8648246,https://www.amazon.com/fopo/order-details?orderID=113-0901596-8648246&ref=ppx_yo2ov_dt_b_fed_wwgs_wfm_ATVPDKIKX0DER,,Silver Spring,2025-05-19,27.86,,,,,,No current charges: 2025-05-19: $27.86;
111-1323945-7942626,https://www.amazon.com/gp/your-account/order-details/ref=oh_aui_or_o01_?ie=UTF8&orderID=111-1323945-7942626,,,2025-05-20,,,,,,,
111-2808316-5297857,https://www.amazon.com/gp/css/order-details?orderID=111-2808316-5297857&ref=ppx_yo2ov_dt_b_fed_order_details,"MRM Nutrition Quercetin| Immune + Cardiovascular Health | 500mg per Serving | Made with QU995: Worldâ€™s purest quercetinâ„¢ | Antioxidant Status | 60 Servings; Amazon Basics Fiber Gummies for Digestive Health and Regularity, Orange, Lemon & Strawberry Flavors, 90 Count, Pack of 1 (Previously Solimo); Viva Naturals Triple Strength Omega 3 Fish Oil Supplement - 2500 mg Fish Oil with Re-Esterified Omega 3 Fatty Acids Including EPA, DHA DPA - 60 Pescatarian-Friendly Softgels; ",Jenna Lally,2025-05-21,56.76,0,,,5.05,,American Express ending in 1005: 2025-05-21: $56.76;
112-0352643-1998659,https://www.amazon.com/gp/css/order-details?orderID=112-0352643-1998659&ref=ppx_yo2ov_dt_b_fed_order_details,"SheaMoisture Multi-Action Leave-In Conditioner Manuka Honey and Yogurt for Damaged Hair Sulfate Free Conditioner Spray 8 oz; Wondercide - Outdoor Pest Control Spray Concentrate with Natural Essential Oils - Mosquito, Ant, Roach, and Insect Killer, Treatment, and Repellent - Safe Around Pets, Plants, Kids - 16 oz; ",Marian Lally,2025-05-21,58.12,2.99,,,3.29,47.69,Visa ending in 9696: 2025-05-21: $58.12;
111-2705102-1586630,https://www.amazon.com/gp/css/order-details?orderID=111-2705102-1586630&ref=ppx_yo2ov_dt_b_fed_order_details,"Gorilla Automotive 71631NBC Acorn Black Chrome Wheel Locks (12mm x 1.50 Thread Size) Pack of 4; Aujen Silicone License Plate Frames Black, 1 Pack Car License Plate Frame, Universal US Car Black License Plate Holders Brackets Rust-Proof, Rattle-Proof, Weather-Proof Car Accessories(Black); ",Bill Lally,2025-05-24,27.01,2.99,,,1.53,,Visa ending in 9696: 2025-05-24: $27.01;
114-8053733-3104263,https://www.amazon.com/gp/your-account/order-details/ref=oh_aui_or_o01_?ie=UTF8&orderID=114-8053733-3104263,,,2025-05-26,,,,,,,
111-8475885-3915432,https://www.amazon.com/gp/css/order-details?orderID=111-8475885-3915432&ref=ppx_yo2ov_dt_b_fed_order_details,"ForestLeaf D Mannose 1000mg Capsules - D-Mannose with Cranberry, Hibiscus & VIT C, Urinary Tract Health for Women and Men, DMannose Pills for UTI, Urinary Health & Bladder Support 120 Capsules; ",Jenna Lally,2025-05-26,22.66,0,,,2.01,,Visa ending in 9696: 2025-05-26: $22.66;
D01-4173286-9459402,https://www.amazon.com/gp/css/order-details?orderID=D01-4173286-9459402&ref=ppx_yo2ov_dt_b_fed_digi_order_details_318,Moonlight;,Marian Lally,2025-05-28,2.32,,,,,,2025-05-28: $2.32;
111-9419743-6580257,https://www.amazon.com/gp/css/order-details?orderID=111-9419743-6580257&ref=ppx_yo2ov_dt_b_fed_order_details,"Egofine 12pcs 1/4 Inch Ratchet Socket Wrench Set, Drive Socket Set with 10 Sockets (4-13mm) and 2 Way Quick Released Ratchet Handle and Extension Bar; Dynamene Sage Green Shower Curtain - Waffle Textured Heavy Duty Thick Fabric Shower Curtains for Bathroom, 256GSM Luxury Weighted Polyester Cloth Bath Curtain Set with 12 Plastic Hooks，72Wx72H,Green; ",Matthew Lally,2025-05-30,34.44,2.99,,,2.48,,Visa ending in 9696: 2025-05-30: $34.44;
111-1029663-5988223,https://www.amazon.com/gp/css/order-details?orderID=111-1029663-5988223&ref=ppx_yo2ov_dt_b_fed_order_details,"Toothbrush Heads for Oral B, 8 Pack Professional Electric Toothbrush Replacement Heads Medium Soft Dupont Bristles Replacement Toothbrush Heads Precision Clean Brush Heads Refills; Steripod Clip-On Toothbrush Protector, Keeps Toothbrush Fresh and Clean, Fits Most Manual and Electric Toothbrushes, 1 Count; Odele Vegan Leave-In Conditioner, for Deep Moisture, Detangling, Frizz Control, Weightless Shine, and All Hair Types + Textures, 8 fl oz; ",Jenna Lally,2025-05-30,3.05,0,,25,2.49,,American Express ending in 1005; Amazon gift card balance;
113-6572420-7753852,https://www.amazon.com/fopo/order-details?orderID=113-6572420-7753852&ref=ppx_yo2ov_dt_b_fed_wwgs_wfm_ATVPDKIKX0DER,,Silver Spring,2025-05-31,5.57,,,,,,No current charges: 2025-05-31: $5.57;
111-5180657-9085040,https://www.amazon.com/gp/css/order-details?orderID=111-5180657-9085040&ref=ppx_yo2ov_dt_b_fed_order_details,VULCAN Security Chain and Lock Kit - Premium Case-Hardened - 5/16 Inch x 6 Foot (+/- 1.5 Inches) - Chain Cannot Be Cut with Bolt Cutters or Hand Tools;,Matthew Lally,2025-05-31,129.29,2.99,,,9.3,,Visa ending in 7741: 2025-05-31: $129.29;
111-5889497-0912238,https://www.amazon.com/gp/css/order-details?orderID=111-5889497-0912238&ref=ppx_yo2ov_dt_b_fed_order_details,"Honeydew Labs Hypochlorous Acid Spray – HOCl Face & Skin Mist for Acne, Eczema & Irritation – Multi-Purpose Skin Repair – Eyelid Cleanser, Post-Workout, Post-Procedure, Scalp & Sensitive Skin – 6.8 oz; DRMTLGY Anti-Aging Tinted Moisturizer SPF 46 – Sheer Face Sunscreen & Lightweight Makeup with Broad Spectrum UV Protection – Hydrating Skin Care & Face Moisturizer – FSA HSA Eligible (1.7 oz); Secret Clinical Strength Antiperspirant Deodorant for Women, 3X Stress Protection, 72hr Sweat & Odor Protection, PH Balancing Minerals, Clear Gel, Completely Clean Scent, 2.6 oz; ",Jenna Lally,2025-06-01,10.08,2.99,,50,5.34,,American Express ending in 1005; Amazon gift card balance;
111-8471129-6071435,https://www.amazon.com/gp/css/order-details?orderID=111-8471129-6071435&ref=ppx_yo2ov_dt_b_fed_order_details,"116in Cord Hider Kit, Cord Covers for Wires on Wall, Paintable Cable Raceway, Cord Hider for Wall Mount Tv, Tv Cable Hider Wall Kit, Wire Covers for Cords, W0.96in X H0.57in, White; Woods Light Duty Extension Cord, 6Ft, 16 Gauge, SPT-2, House and Home Cord, 3-Outlet, Green, 12600G; ",Matthew Lally,2025-06-02,15.93,0,,,1.14,10.76,Visa ending in 7741: 2025-06-02: $15.93;
111-9486625-7861047,https://www.amazon.com/gp/css/order-details?orderID=111-9486625-7861047&ref=ppx_yo2ov_dt_b_fed_order_details,"Delamu Cord Hider, 94.5in Cord Covers for Wires on Wall, One-Cord Cable Hider, Wire Hiders Wire Covers for TV Cords on Wall, Easy Mount Cable Cover Management Kit, 6xL15.7 W0.59 H0.4in, White; ",Matthew Lally,2025-06-02,8.61,0,,,0.62,,Visa ending in 7741: 2025-06-02: $8.61;
111-6749054-4609841,https://www.amazon.com/gp/css/order-details?orderID=111-6749054-4609841&ref=ppx_yo2ov_dt_b_fed_order_details,"About Time Vegan Protein Supplement, Vanilla, 2 Pound; ",Matthew Lally,2025-06-02,48.48,0,,,3.49,,Visa ending in 7741: 2025-06-02: $48.48;
112-0727427-1589823,https://www.amazon.com/gp/css/order-details?orderID=112-0727427-1589823&ref=ppx_yo2ov_dt_b_fed_order_details,"La Roche-Posay Anthelios Mineral Ultra-Light Face Sunscreen SPF 50, Zinc Oxide Sunscreen for Face, 100% Mineral Sunblock, Oil Free for Sensitive Skin, Daily Sun Protection; ",Bill Lally,2025-06-05,39.99,2.99,,,0,39.99,Visa ending in 9696: 2025-06-05: $39.99;
113-1754137-3773061,https://www.amazon.com/fopo/order-details?orderID=113-1754137-3773061&ref=ppx_yo2ov_dt_b_fed_wwgs_wfm_ATVPDKIKX0DER,,Nashville Downtown,2025-06-07,14.01,,,,,,No current charges: 2025-06-07: $14.01;
113-6993708-8385830,https://www.amazon.com/fopo/order-details?orderID=113-6993708-8385830&ref=ppx_yo2ov_dt_b_fed_wwgs_wfm_ATVPDKIKX0DER,,Nashville Downtown,2025-06-07,14.02,,,,,,No current charges: 2025-06-07: $14.02;
112-0299044-6697854,https://www.amazon.com/gp/css/order-details?orderID=112-0299044-6697854&ref=ppx_yo2ov_dt_b_fed_order_details,"MOSISO Compatible with MacBook Pro 14 inch Case 2025 2024 2023 2022 2021 M4 M3 M2 M1 A3112 A3185 A3401 A2918 A2992 A2779 A2442, Plastic Hard Shell&Keyboard Cover&Screen Film&Pouch, Transparent; ",Marian Lally,2025-06-11,11.46,0,,,0.65,,Visa ending in 8817: 2025-06-11: $11.46;
111-3580506-1429014,https://www.amazon.com/gp/css/order-details?orderID=111-3580506-1429014&ref=ppx_yo2ov_dt_b_fed_order_details,"Apple iPhone 12 Pro 5G, US Version, 128GB, Graphite - Unlocked (Renewed); ",Jenna Lally,2025-06-12,328.15,0,,,29.15,,American Express ending in 1005: 2025-06-12: $328.15;
111-8781181-8294653,https://www.amazon.com/gp/css/order-details?orderID=111-8781181-8294653&ref=ppx_yo2ov_dt_b_fed_order_details,TOMSHEIR 2000mAh Hero 12/11/10/9 Battery 2-Pack and 3-Channel USB Charger with High Speed Micro SD Card Reader Function (Fully Compatible with Gopro Hero 12 11 10 9 Black Official);,Matthew Lally,2025-06-13,0,0,,35.54,2.56,,Amazon gift card balance: 2025-06-13: $0.00;
111-6187697-0725030,https://www.amazon.com/gp/css/order-details?orderID=111-6187697-0725030&ref=ppx_yo2ov_dt_b_fed_order_details,"SanDisk 512GB Extreme microSDXC UHS-I Memory Card with Adapter - Up to 190MB/s, C10, U3, V30, 4K, 5K, A2, Micro SD Card - SDSQXAV-512G-GN6MA; Puroma Bike Cover for 1 bike, 190T Outdoor Waterproof Bicycle Covers Rain Sun UV Dust Wind Proof with Lock Hole for Mountain Road Electric Bike (Basic Black); GoPro HERO11 Black – E-Commerce Packaging - Waterproof Action Camera with 5.3K60 Ultra HD Video, 27MP Photos, 1/1.9"" Image Sensor, Live Streaming, Webcam, Stabilization; GoPro Protective Housing (HERO13 Black/HERO12 Black/HERO11 Black/HERO10 Black/HERO9 Black) - Official GoPro Accessory; The Handler (Floating Hand Grip) - Official GoPro Accessory (AFHGM-003) for Cameras; Sametop Head Strap Mount Compatible with GoPro Hero 13, 12, 11, 10, 9, 8, Hero 7 Black, 7 Silver, 7 White, Hero 6, 5, 4, Session, 3+, 3, 2, 1, Hero (2018), Fusion, Max, DJI Osmo Action Cameras; ",Matthew Lally,2025-06-13,0,2.99,,418.2,30.07,,Amazon gift card balance: 2025-06-13: $0.00;
111-3901915-0464248,https://www.amazon.com/gp/css/order-details?orderID=111-3901915-0464248&ref=ppx_yo2ov_dt_b_fed_order_details,"Columbia Men's Glennaker Lake II Rain Jacket, Ripple Blue, Medium; JSVER Hard Case for GoPro Cameras Carrying Case For Gopro Hero 13/12/11/10/9/8/7/AKASO EK7000/AKASO Brave 4 4K /Brave 7 LE/Brave 8/AKASO V50X /insta360 and Other Action Cameras; MYFON Micro USB Cable, 2 Pack [6FT, 6FT], Fast Charging Cable, High Speed Android Charging Cable, Android Phone Cable for Samsung Galaxy S7 Edge S6 S5 and More, Trustable; ",Matthew Lally,2025-06-14,20.53,0,,46.26,4.81,40.41,Visa ending in 7741; Amazon gift card balance;
111-3679080-5418654,https://www.amazon.com/gp/css/order-details?orderID=111-3679080-5418654&ref=ppx_yo2ov_dt_b_fed_order_details,"Vanicream Gentle Facial Cleanser with Pump Dispenser - 8 fl oz - Formulated Without Common Irritants for Those with Sensitive Skin; Only Ancient Spring Salt from Andes Mountains, Coarse Grain Rock & Sea Salt Hybrid with High Mineral Content, Kosher Salt for Cooking, Electrolyte Drinks & Healthy Lifestyle, 7 oz bag; ",Jenna Lally,2025-06-19,25.2,0,,,1.84,,American Express ending in 1005; Amazon gift card balance;
111-0957231-6153049,https://www.amazon.com/gp/css/order-details?orderID=111-0957231-6153049&ref=ppx_yo2ov_dt_b_fed_order_details,"Supreme Nutrition Rosemary Supreme, 120 Pure Rosemary Vegetarian Capsules | (120 Count (Pack of 1); Elmhurst 1925 French Vanilla Oat Creamer, Plant-Based, Vegan, 16 Ounce (Pack of 6); ",Jenna Lally,2025-06-19,18.66,2.99,,50,5.13,,American Express ending in 1005; Amazon gift card balance;
111-5103915-1820250,https://www.amazon.com/gp/css/order-details?orderID=111-5103915-1820250&ref=ppx_yo2ov_dt_b_fed_order_details,"Summit...responsible solutions 110-12 Mosquito Dunks, 6-Pack; ",Bill Lally,2025-06-21,8.22,0,,,0.47,,Visa ending in 9696: 2025-06-21: $8.22;
112-5398300-2493066,https://www.amazon.com/gp/css/order-details?orderID=112-5398300-2493066&ref=ppx_yo2ov_dt_b_fed_order_details,"SimpleNature 12% Food Grade Hydrogen Peroxide Solution - 1 Gallon - Natural Multipurpose Cleaner - Made in USA - Ideal for Commercial, Residential, Kitchen, Bath, Laundry, and More - Ecofriendly; Replacement Filter Compatible with MA 25 Air Purifier S1/W1/B1 Medify Air Purifier Filter Replacement for the MA-25 3-in-1 H13 True HEPA Carbon Filters 4-Pack; ",Marian Lally,2025-06-22,38.55,0,,25,3.6,,Visa ending in 8817; Amazon gift card balance;
111-5235304-5493806,https://www.amazon.com/gp/css/order-details?orderID=111-5235304-5493806&ref=ppx_yo2ov_dt_b_fed_order_details,"Viva Naturals Triple Strength Omega 3 Fish Oil Supplement - 2500 mg Fish Oil with Re-Esterified Omega 3 Fatty Acids Including EPA, DHA DPA - 60 Pescatarian-Friendly Softgels; ",Jenna Lally,2025-06-24,19.7,0,,,1.75,,Visa ending in 9696: 2025-06-24: $19.70;
113-4947601-2298620,https://www.amazon.com/fopo/order-details?orderID=113-4947601-2298620&ref=ppx_yo2ov_dt_b_fed_wwgs_wfm_ATVPDKIKX0DER,,Kailua,2025-06-24,4.19,,,,,,No current charges: 2025-06-24: $4.19;
114-1344127-5456263,https://www.amazon.com/gp/your-account/order-details/ref=oh_aui_or_o01_?ie=UTF8&orderID=114-1344127-5456263,,,2025-06-29,,,,,,,
113-0448402-6872211,https://www.amazon.com/gp/css/order-details?orderID=113-0448402-6872211&ref=ppx_yo2ov_dt_b_fed_order_details,"Mielle Organics Rosemary Mint Hair Strengthening Biotin Shampoo - Moisturizing Hair Shampoo for Women and Men to Gently Cleanse, Repair & Protect Strands (12 oz); ",Peter Lally,2025-07-01,10.55,0,,,0.6,,Discover ending in 4631: 2025-07-01: $10.55;
111-8276663-0605012,https://www.amazon.com/gp/css/order-details?orderID=111-8276663-0605012&ref=ppx_yo2ov_dt_b_fed_order_details,"BH Supplies Alcohol Prep Pad Sterile, Medium 2-Ply, 200 Count - Saturated with 70% Alcohol; Covidien Vaseline 3.25 Oz Tube - 100% White Petrolatum Skin Moisturizer for Dry Skin, Soothing Whole Body Jelly; ",Jenna Lally,2025-07-02,0.41,0,,10,0.93,,American Express ending in 1005; Amazon gift card balance;
113-8059617-9706643,https://www.amazon.com/gp/css/order-details?orderID=113-8059617-9706643&ref=ppx_yo2ov_dt_b_fed_order_details,"RAW Nutrition - Essential Pre - Chris Bumstead Pre Workout Formula, Sports Nutrition Pre-Workout Powders | Men & Womens Drink, Energy Powder for Working Out (Blue Raspberry); ",Peter Lally,2025-07-02,27.99,2.99,,,0,,Discover ending in 4631: 2025-07-02: $27.99;
111-0544979-5598644,https://www.amazon.com/gp/css/order-details?orderID=111-0544979-5598644&ref=ppx_yo2ov_dt_b_fed_order_details,Nioxin Scalp + Hair Thickening System 2 | For Natural Hair with Progressed Thinning | Boost Hair Density with Niacinamide & Biotin | Trial Size | 1 Month Supply;,Marian Lally,2025-07-04,40.28,2.99,,,2.28,,Visa ending in 9696: 2025-07-04: $40.28;
113-8252424-2208237,https://www.amazon.com/fopo/order-details?orderID=113-8252424-2208237&ref=ppx_yo2ov_dt_b_fed_wwgs_wfm_ATVPDKIKX0DER,,Miami,2025-07-04,13.34,,,,,,No current charges: 2025-07-04: $13.34;
113-7240837-9385014,https://www.amazon.com/fopo/order-details?orderID=113-7240837-9385014&ref=ppx_yo2ov_dt_b_fed_wwgs_wfm_ATVPDKIKX0DER,,Miami,2025-07-04,35.86,,,,,,No current charges: 2025-07-04: $35.86;
113-3667019-9407443,https://www.amazon.com/fopo/order-details?orderID=113-3667019-9407443&ref=ppx_yo2ov_dt_b_fed_wwgs_wfm_ATVPDKIKX0DER,,Miami,2025-07-05,52.58,,,,,,No current charges: 2025-07-05: $52.58;
113-6666368-3279426,https://www.amazon.com/fopo/order-details?orderID=113-6666368-3279426&ref=ppx_yo2ov_dt_b_fed_wwgs_wfm_ATVPDKIKX0DER,,Miami,2025-07-05,20.33,,,,,,No current charges: 2025-07-05: $20.33;
111-8408205-7889044,https://www.amazon.com/gp/css/order-details?orderID=111-8408205-7889044&ref=ppx_yo2ov_dt_b_fed_order_details,"AQUA CREST EDR3RXD1 Replacement for 4396841, Everydrop® Filter 3, 4396710, Kenmore® 46-9083, 46-9030, Refrigerator Water Filter, 3 Filters; ",Marian Lally,2025-07-06,24.32,0,,,1.38,,Visa ending in 9696: 2025-07-06: $24.32;
112-4966744-0321024,https://www.amazon.com/gp/css/order-details?orderID=112-4966744-0321024&ref=ppx_yo2ov_dt_b_fed_order_details,"Car Charger for iPhone 16 15 Carplay Cable, 2Pack [3FT+6FT] USB A to USB C Charging Cord for Apple for iPhone 16 15/Plus/Pro Max Type C Cord, for iPad Pro 12.9/11, Air 5th/4th Gen; ",Marian Lally,2025-07-08,6.3,0,,,0.36,,Visa ending in 9696: 2025-07-08: $6.30;
114-0382069-6069052,https://www.amazon.com/gp/your-account/order-details/ref=oh_aui_or_o01_?ie=UTF8&orderID=114-0382069-6069052,,,2025-07-09,,,,,,,
111-9723841-9962616,https://www.amazon.com/gp/css/order-details?orderID=111-9723841-9962616&ref=ppx_yo2ov_dt_b_fed_order_details,"FengYu Lockable Roof Rack Cross Bars 260lbs Compatible with 2019-2025 Toyota RAV4, Aluminum Heavy Duty Crossbars Rooftop Cargo Bag (Not Fit 2024 LE/Adventure/TRD Off-Road/Hybrid Woodland Edition); ",Marian Lally,2025-07-12,84.79,0,,,4.8,,Visa ending in 9696: 2025-07-12: $84.79;
111-3640880-4623412,https://www.amazon.com/gp/css/order-details?orderID=111-3640880-4623412&ref=ppx_yo2ov_dt_b_fed_order_details,"N116 Key Replacement for Thule Rack Core, Key Cylinder for Bike Rack Lock, Roof Cargo Lock, Roof Rack Locks, Cross Bars, Towers, Ski Rack Etc; ",Marian Lally,2025-07-13,0,0,,13.77,0.78,,Visa ending in 9696; Amazon gift card balance;
112-2963794-7541840,https://www.amazon.com/gp/css/order-details?orderID=112-2963794-7541840&ref=ppx_yo2ov_dt_b_fed_order_details,"DeLallo Pasta Gluten-Free Corn and Rice Orzo, 12 oz; Perque - Digesta Guard Forte 150ct; ",Marian Lally,2025-07-13,81.19,0,,,0,,Visa ending in 9696: 2025-07-13: $81.19;
111-6867058-3729061,https://www.amazon.com/gp/css/order-details?orderID=111-6867058-3729061&ref=ppx_yo2ov_dt_b_fed_order_details,"Solaray Copper 2 mg | Healthy Red Blood Cell Formation, Immune and Nerve Function Support | Non-GMO | 100ct; Solaray Zinc 50mg Immune Support Capsules, 100 Count, Vegan, Pumpkin Seed; Amazon Basics Original Fresh Liquid Hand Soap, 7.5 Fl Oz (Pack of 6); ",Jenna Lally,2025-07-14,27.35,0,,,2.44,,American Express ending in 1005: 2025-07-14: $27.35;
113-5551060-2816225,https://www.amazon.com/fopo/order-details?orderID=113-5551060-2816225&ref=ppx_yo2ov_dt_b_fed_wwgs_wfm_ATVPDKIKX0DER,,Nashville Downtown,2025-07-15,59.36,,,,,,No current charges: 2025-07-15: $59.36;
111-9116144-6387469,https://www.amazon.com/gp/css/order-details?orderID=111-9116144-6387469&ref=ppx_yo2ov_dt_b_fed_order_details,"AILKIN AUX Cord for Car, 2 Pack 3.5mm Auxiliary Audio Cable, Braided Stereo AUX Chords Compatible Headphone Car, iPhone, iPod, iPad, Samsung Galaxy, HTC, LG, Google Pixel, Tablet & More-5Feet/1.5M; ",Jenna Lally,2025-07-16,6.24,0,,,0.55,6.24,American Express ending in 1005: 2025-07-16: $6.24;
113-0961199-9959443,https://www.amazon.com/fopo/order-details?orderID=113-0961199-9959443&ref=ppx_yo2ov_dt_b_fed_wwgs_wfm_ATVPDKIKX0DER,,Nashville Downtown,2025-07-17,13.25,,,,,,No current charges: 2025-07-17: $13.25;
111-8337361-5909030,https://www.amazon.com/gp/css/order-details?orderID=111-8337361-5909030&ref=ppx_yo2ov_dt_b_fed_order_details,"David High Protein Bars No Sugar - Sugar Free Protein Bars, Low Carb, Gluten Free - 28g of Protein, 150 Calories - David Bar On-The-Go Snack - Blueberry Pie Flavor, Pack of 12; ",Jenna Lally,2025-07-18,42.8,0,,,3.8,,American Express ending in 1005; Amazon gift card balance;
111-2260570-8264201,https://www.amazon.com/gp/css/order-details?orderID=111-2260570-8264201&ref=ppx_yo2ov_dt_b_fed_order_details,"Anabar Protein Bar, Whole Food Performance Amazing Tasting Real Food, No Fillers, 21 Grams of (12 Bars, White Chocolate Fruity Cereal Crunch); Hourglass Unlocked Instant Extension Mascara. Defining and Lengthening Tubing Mascara for Dramatic Length (Black); Ear and Nose Hair Trimmer Clipper - 2025 Professional Painless Eyebrow & Facial Hair Trimmer for Men Women, Battery-Operated Trimmer with IPX7 Waterproof, Dual Edge Blades for Easy Cleansing Black; Vanicream Gentle Facial Cleanser with Pump Dispenser - 8 fl oz - Formulated Without Common Irritants for Those with Sensitive Skin; ",Jenna Lally,2025-07-18,47.98,0,,56.11,9.25,,American Express ending in 1005; Amazon gift card balance;
111-7049916-8061037,https://www.amazon.com/gp/css/order-details?orderID=111-7049916-8061037&ref=ppx_yo2ov_dt_b_fed_order_details,"King Arthur Flour Gluten Free Protein Pancake Mix, Non-GMO Project Verified, No Sugar Added, Non-Dairy, 12 Oz; ",Matthew Lally,2025-07-18,10.3,0,,,0,,Visa ending in 7741: 2025-07-18: $10.30;
113-2597310-3622658,https://www.amazon.com/gp/css/order-details?orderID=113-2597310-3622658&ref=ppx_yo2ov_dt_b_fed_order_details,"upsimples 5x7 Picture Frame Set of 3, Made of High Definition Glass for 4x6 with Mat or 5x7 Without Mat, Wall and Tabletop Display Photo Frames, White; ",Peter Lally,2025-07-23,12.71,0,,,0.72,,Discover ending in 4631: 2025-07-23: $12.71;
114-9459047-6592253,https://www.amazon.com/gp/css/order-details?orderID=114-9459047-6592253&ref=ppx_yo2ov_dt_b_fed_order_details,"Tork Multifold Hand Towel Natural H2, Universal, 100% Recycled Fibers, 16 x 250 Sheets, MK530A; ",Marian Lally,2025-07-29,42.04,0,,,2.38,,Visa ending in 8817: 2025-07-29: $42.04;
111-9467706-2818611,https://www.amazon.com/gp/css/order-details?orderID=111-9467706-2818611&ref=ppx_yo2ov_dt_b_fed_order_details,"SEEKONE Heat Gun 1800W 122℉-1202℉（50℃- 650℃）Fast Heating Heavy Duty Hot Air Gun Kit Variable Temperature Control Overheat Protection with 4 Nozzles for Crafts, Shrinking PVC, Stripping Paint(5.2FT); ",Matthew Lally,2025-07-29,31.24,2.99,,,2.25,31.24,Visa ending in 7741: 2025-07-29: $31.24;
113-6052993-3841862,https://www.amazon.com/fopo/order-details?orderID=113-6052993-3841862&ref=ppx_yo2ov_dt_b_fed_wwgs_wfm_ATVPDKIKX0DER,,Nashville Downtown,2025-07-31,24.66,,,,,,No current charges: 2025-07-31: $24.66;
113-9918431-7713057,https://www.amazon.com/gp/css/order-details?orderID=113-9918431-7713057&ref=ppx_yo2ov_dt_b_fed_order_details,"AC Power Cord Cable Fit for Sony PS5 PS4 PS3 Slim PlayStation 5 4 3, Xbox Series X/S, Xbox One X/S, TV, Printer Universal 2 Prong Supply Replacement - (ETL Listed Cable); ",Marian Lally,2025-08-02,6.87,0,,,0.39,,Visa ending in 9696: 2025-08-02: $6.87;
113-8644103-4894641,https://www.amazon.com/fopo/order-details?orderID=113-8644103-4894641&ref=ppx_yo2ov_dt_b_fed_wwgs_wfm_ATVPDKIKX0DER,,Nashville Downtown,2025-08-02,43.14,,,,,,No current charges: 2025-08-02: $43.14;
113-9730446-9013025,https://www.amazon.com/fopo/order-details?orderID=113-9730446-9013025&ref=ppx_yo2ov_dt_b_fed_wwgs_wfm_ATVPDKIKX0DER,,Nashville Downtown,2025-08-02,13.32,,,,,,No current charges: 2025-08-02: $13.32;
113-9332194-4268225,https://www.amazon.com/gp/css/order-details?orderID=113-9332194-4268225&ref=ppx_yo2ov_dt_b_fed_order_details,"Rumoon Wired Over Ear Headphones, Studio Monitor & Mixing DJ Headphones with 50mm Neodymium Drivers and 1/4 to 3.5mm Jack for Guitar AMP Podcast Piano Keyboard (Black); ",Peter Lally,2025-08-02,26.49,2.99,,,1.5,,Visa ending in 1116: 2025-08-02: $26.49;
113-0247199-0137820,https://www.amazon.com/gp/css/order-details?orderID=113-0247199-0137820&ref=ppx_yo2ov_dt_b_fed_order_details,"Donner 39-Inch Electric Guitar Starter Kit - Yellow, with Amp, Bag, Tuner, Capo, Strap, Strings, Cable, Picks; ",Peter Lally,2025-08-02,190.79,0,,,10.8,,Discover ending in 4631: 2025-08-02: $190.79;
111-8880278-6953820,https://www.amazon.com/gp/your-account/order-details/ref=oh_aui_or_o01_?ie=UTF8&orderID=111-8880278-6953820,,,2025-08-03,,,,,,,
112-7805533-6616212,https://www.amazon.com/gp/your-account/order-details/ref=oh_aui_or_o01_?ie=UTF8&orderID=112-7805533-6616212,,,2025-08-03,,,,,,,
111-2003023-0385034,https://www.amazon.com/gp/css/order-details?orderID=111-2003023-0385034&ref=ppx_yo2ov_dt_b_fed_order_details,"NOW Foods Supplements, Pantothenic Acid (Vitamin B-5) 500 mg, B-Complex Vitamin, 100 Capsules; ",Jenna Lally,2025-08-03,0.67,0,,10,0.95,,American Express ending in 1005; Amazon gift card balance;
111-0841282-1104239,https://www.amazon.com/gp/css/order-details?orderID=111-0841282-1104239&ref=ppx_yo2ov_dt_b_fed_order_details,"DIM Supplement 200 mg | Estrogen Balance for Women & Men | Hormonal Acne, Hormone Balance, Menopause & Antioxidant Support | Clean Label Project Certified, Vegan & Soy Free Diindolylmethane | 60 Ct.; NOW Quercetin 500mg,100 Veg Capsules; adidas Women's Cushioned No Show Socks (3-Pair) Athletic, Low Profile Look with Arch Compression for a Secure fit, White/Clear Onix Grey, Medium; ",Jenna Lally,2025-08-03,58.89,0,,,4.55,,American Express ending in 1005; Amazon gift card balance;
111-9048891-8809017,https://www.amazon.com/gp/css/order-details?orderID=111-9048891-8809017&ref=ppx_yo2ov_dt_b_fed_order_details,"Amazon Basics Fiber Gummies for Digestive Health and Regularity, Orange, Lemon & Strawberry Flavors, 90 Count, Pack of 1 (Previously Solimo); ",Jenna Lally,2025-08-03,9.87,0,,,0.88,,American Express ending in 1005: 2025-08-03: $9.87;
111-8092530-7917044,https://www.amazon.com/gp/css/order-details?orderID=111-8092530-7917044&ref=ppx_yo2ov_dt_b_fed_order_details,"Vashly Kayak Seat with Back Support Universal Thicken Cushion Paddle Board Seat with Storage Bag for Sit-on-Top Kayak, Inflatable Kayaks, SUP, Tandem Kayaks (Strap Security: 6 Adjustable Straps); ",Bill Lally,2025-08-03,93.27,0,,,5.28,,Visa ending in 9696: 2025-08-03: $93.27;
111-5459575-4077041,https://www.amazon.com/gp/css/order-details?orderID=111-5459575-4077041&ref=ppx_yo2ov_dt_b_fed_order_details,"Puroma 1 Pack Cabin Air Filter with Activated Carbon, Replacement for CP157, CF12157, Select Lexus, Mazda, Subaru and Toyota Avalon, Camry, Corolla, Highlander, Prius, RAV4, Sienna, Venza; ",Bill Lally,2025-08-03,9.38,0,,,0.53,,Visa ending in 9696: 2025-08-03: $9.38;
111-0095662-9701819,https://www.amazon.com/gp/your-account/order-details/ref=oh_aui_or_o01_?ie=UTF8&orderID=111-0095662-9701819,,,2025-08-04,,,,,,,
113-3586299-6862668,https://www.amazon.com/gp/css/order-details?orderID=113-3586299-6862668&ref=ppx_yo2ov_dt_b_fed_order_details,"Daily Planner, Calendar & Life Organizer to Improve Time-Management, Productivity & Happiness | Vegan Leather Hardcover Notebook with Blank Dates, Undated 6 Months Hourly Planner for Men & Women, 24 Hour Agenda (Black); ",Peter Lally,2025-08-06,26.49,0,,,1.5,,Discover ending in 4631: 2025-08-06: $26.49;
111-7374151-5213849,https://www.amazon.com/gp/css/order-details?orderID=111-7374151-5213849&ref=ppx_yo2ov_dt_b_fed_order_details,"AmzBoom Fire Extinguisher 2-Pack with Mounting Bracket for Home, Kitchen, Car, Grill - Portable Small A, B, C, K Fire Extinguisher - 8-in-1 - Prevents Reignition.; ",Matthew Lally,2025-08-09,18.21,0,,,1.31,,Visa ending in 7741: 2025-08-09: $18.21;
111-5141923-0749032,https://www.amazon.com/gp/css/order-details?orderID=111-5141923-0749032&ref=ppx_yo2ov_dt_b_fed_order_details,"Lysol Toilet Bowl Cleaner Gel, for Cleaning and Disinfecting, Bleach Free, Ocean Fresh Scent, 24oz; ",Matthew Lally,2025-08-09,2.88,0,,,0.21,,Visa ending in 7741: 2025-08-09: $2.88;
111-0149290-9837842,https://www.amazon.com/gp/css/order-details?orderID=111-0149290-9837842&ref=ppx_yo2ov_dt_b_fed_order_details,"Kayak Handles (2 Pack) - Strong T-Handle Design | Ultra Heavy Duty Bungee | Replacement Installation Kit,Kayak Carry Handle Pull Handle with Cord & Pad Eyes for lifting heavy kayaks giving a good grip; Joneaz Bungee Shock Cord Real Rubber UV Resistant 1/4"" Diamete 25ft Length, Black Color; ",Bill Lally,2025-08-09,17.9,0,,,1.01,,Visa ending in 9696: 2025-08-09: $17.90;
113-5983660-8736208,https://www.amazon.com/gp/css/order-details?orderID=113-5983660-8736208&ref=ppx_yo2ov_dt_b_fed_order_details,"Magcubic 2025 Upgraded HY300PRO Mini Projector with WiFi and Bluetooth, Portable Projector 4K Support, Auto Keystone, 180 Degree Rotation, Smart Proyector for Home Outdoor Android 11; ",Peter Lally,2025-08-11,44,0,,,2.49,,Discover ending in 4631: 2025-08-11: $44.00;
111-9746172-4747430,https://www.amazon.com/gp/css/order-details?orderID=111-9746172-4747430&ref=ppx_yo2ov_dt_b_fed_order_details,"LUMIFY Redness Reliever Preservative Free Eye Drops, 20 Single Use Vials, Fast Acting, Only PF Drop for Whiter & Brighter Looking Eyes, Relieves Red Eyes, Works in 1 Min, Lasts Up to 8 Hours; ",Matthew Lally,2025-08-12,23.67,0,,,1.7,,Visa ending in 7741: 2025-08-12: $23.67;
113-3524994-8490601,https://www.amazon.com/gp/css/order-details?orderID=113-3524994-8490601&ref=ppx_yo2ov_dt_b_fed_order_details,"Viva Naturals Triple Strength Omega 3 Fish Oil Supplement - 2500 mg Fish Oil with Re-Esterified Omega 3 Fatty Acids Including EPA, DHA DPA - 60 Pescatarian-Friendly Softgels; ",Jenna Lally,2025-08-12,23.7,0,,,2.11,,Visa ending in 9696: 2025-08-12: $23.70;
112-7757098-1227415,https://www.amazon.com/gp/css/order-details?orderID=112-7757098-1227415&ref=ppx_yo2ov_dt_b_fed_order_details,"Small Trash Bags 1.2 Gallon - Compostable Garbage Bags 5 L Mini Trash Can Bin Liners Clear Waste Basket Liner Unscented Trash Sacks for Bathroom Travel Office Toilet Dorm(120 Counts, Green); ",Marian Lally,2025-08-15,6.03,0,,,0.34,,Visa ending in 9696: 2025-08-15: $6.03;
111-4519092-1429821,https://www.amazon.com/gp/css/order-details?orderID=111-4519092-1429821&ref=ppx_yo2ov_dt_b_fed_order_details,"Aveeno Apple Cider Vinegar Shampoo + Conditioner for Balance & High Shine, Daily Clarifying & Soothing Scalp Shampoo for Oily or Dull Hair, Paraben & Dye-Free, 12 Fl Oz (Package May Vary); Dove Body Wash with Pump Sensitive Skin For 24hr Lotion-Soft Skin Moisturizing Skin Cleanser Gentle Hypoallergenic Formula with No Sulfates No Parabens 30.6 oz; ",Jenna Lally,2025-08-16,31.77,2.99,,,2.82,,American Express ending in 1005: 2025-08-16: $31.77;
111-4796939-7913829,https://www.amazon.com/gp/css/order-details?orderID=111-4796939-7913829&ref=ppx_yo2ov_dt_b_fed_order_details,"TECEUM 1 Inch Webbing – Black – 10 Yards – 1” Webbing for Climbing Outdoors Indoors Crafting DIY; Zeasorb Super Absorbent Antifungal Treatment Powder for Jock Itch, Dermatologist Recommended, Attacks & Absorbs Moisture, Patented Odor Control Technology, with Bentonite Clay and Aloe, 2.5 oz bottle; ",Bill Lally,2025-08-16,15.08,0,,,0.42,,Visa ending in 9696: 2025-08-16: $15.08;
113-6518167-7796225,https://www.amazon.com/gp/css/order-details?orderID=113-6518167-7796225&ref=ppx_yo2ov_dt_b_fed_order_details,"DIM Supplement 200 mg | Estrogen Balance for Women & Men | Hormonal Acne, Hormone Balance, Menopause & Antioxidant Support | Clean Label Project Certified, Vegan & Soy Free Diindolylmethane | 60 Ct.; ",Jenna Lally,2025-08-17,25.63,0,,,2.28,,Visa ending in 9696: 2025-08-17: $25.63;
111-8450069-9854602,https://www.amazon.com/gp/css/order-details?orderID=111-8450069-9854602&ref=ppx_yo2ov_dt_b_fed_order_details,"Winner International The Club 1100 LX Series Steering Wheel Lock, Red, Large; ",Bill Lally,2025-08-17,63.59,0,,,3.6,,Visa ending in 9696: 2025-08-17: $63.59;
113-9136820-1612211,https://www.amazon.com/fopo/order-details?orderID=113-9136820-1612211&ref=ppx_yo2ov_dt_b_fed_wwgs_wfm_ATVPDKIKX0DER,,Nashville Downtown,2025-08-17,14.38,,,,,,No current charges: 2025-08-17: $14.38;
114-2807386-7736254,https://www.amazon.com/gp/css/order-details?orderID=114-2807386-7736254&ref=ppx_yo2ov_dt_b_fed_order_details,"Viva Naturals Vitamin C 1000mg - Non-GMO Vitamin C Supplements with Citrus Bioflavonoids & Rose HIPS for Immune Support & Antioxidant Protection, 250 Vegetarian Capsules; ",Jenna Lally,2025-08-18,24.96,0,,,2.22,,Visa ending in 9696: 2025-08-18: $24.96;
111-0949083-0565821,https://www.amazon.com/gp/your-account/order-details/ref=oh_aui_or_o01_?ie=UTF8&orderID=111-0949083-0565821,,,2025-08-18,,,,,,,
111-1461389-3597054,https://www.amazon.com/gp/css/order-details?orderID=111-1461389-3597054&ref=ppx_yo2ov_dt_b_fed_order_details,"DropperStop 1oz Amber Glass Dropper Bottles (30mL) with Tapered Glass Droppers - Pack of 2; Sensodyne Repair and Protect Whitening Toothpaste, Toothpaste for Sensitive Teeth and Cavity Prevention, 3.4 oz (Pack of 2); mberry Miracle Fruit Tablets, 10-Count (Pack of 2); ",Matthew Lally,2025-08-20,53.64,2.99,,,1.34,,Visa ending in 7741: 2025-08-20: $53.64;
113-0034967-1429039,https://www.amazon.com/fopo/order-details?orderID=113-0034967-1429039&ref=ppx_yo2ov_dt_b_fed_wwgs_wfm_ATVPDKIKX0DER,,Nashville Downtown,2025-08-24,13.64,,,,,,No current charges: 2025-08-24: $13.64;
114-2772901-7625052,https://www.amazon.com/gp/css/order-details?orderID=114-2772901-7625052&ref=ppx_yo2ov_dt_b_fed_order_details,"LostGolfBalls - 12 Titleist Pro V1x Golf Balls in Mint Condition, 2023 Year Model, No Logos, No Player Markings, Refinished Used Golf Balls, Quality Guaranteed, White; ",Bill Lally,2025-08-24,24.76,0,,,1.4,,Visa ending in 9696: 2025-08-24: $24.76;
111-6952360-8011401,https://www.amazon.com/your-orders/order-details?orderID=111-6952360-8011401&ref=ppx_yo2ov_dt_b_fed_order_details,"MHW-3BOMBER Espresso Tamping Station, 4 in 1 Tamper Station for Storage 51-58mm Portafilter, Distributor and Espresso Accessories,ABS Portafilter Holder,Black,CH6719; The Will of the Many (Hierarchy); ",Jamie Fisher,2025-12-07,57.73,0,,,4.28,,American Express ending in 1005: 2025-12-07: $57.73;
111-8856067-8001069,https://www.amazon.com/your-orders/order-details?orderID=111-8856067-8001069&ref=ppx_yo2ov_dt_b_fed_order_details,"Tommy John Men's Essential Cool Cotton Crew Neck Undershirt - Stay-Tucked Fit, 3-Pack, White, L; ",Peter Lally,2025-12-08,26.49,0,,,1.5,,Visa ending in 2154: 2025-12-08: $26.49;
111-8476277-0549039,https://www.amazon.com/your-orders/order-details?orderID=111-8476277-0549039&ref=ppx_yo2ov_dt_b_fed_order_details,"[3+3 Pack] kinokoo Screen Protector for Insta 360 GO Ultra Camera, Perfectly Compatible with Insta360 GO Ultra Screen & Lens Protector Set, 0.25mm 9H Tempered Glass & Soft TPU Film, Anti-Scratch, Anti-Fingerprint, Shock Resistant, Easy to Install Accessories for 360 go ultra (3 Pack); ",Matthew Lally,2025-12-09,8.61,0,,,0.62,,Visa ending in 7741: 2025-12-09: $8.61;
111-1373449-7963414,https://www.amazon.com/your-orders/order-details?orderID=111-1373449-7963414&ref=ppx_yo2ov_dt_b_fed_order_details,Insta360 GO Ultra Easy Clip Headband;,Matthew Lally,2025-12-09,21.54,0,,,1.55,,Visa ending in 7741: 2025-12-09: $21.54;
111-0043973-9610657,https://www.amazon.com/your-orders/order-details?orderID=111-0043973-9610657&ref=ppx_yo2ov_dt_b_fed_order_details,"Philips Norelco OneBlade 360 Blades, Genuine Replacement Blades for OneBlade Electric Shaver and Trimmer, Durable Stainless Steel, Trim, Edge and Shave, 3 Pack, QP430/80; Anker Nano Travel Adapter, 5-Port Power Adapter with 1 AC, 2 USB-A, and 2 USB-C Ports, Smart Temperature Control, Compatible with Over 200 Countries, Ideal for Travel (1-Pack); Wise Owl Outfitters Microfiber Camping Towel - Quick Dry Towel for Travel, Backpacking, Hiking, Beach, Gym & Yoga - Compact, Fast Drying & Lightweight; ",Jenna Lally,2025-12-09,76.26,0,,,4.32,,American Express ending in 1005: 2025-12-09: $76.26;
113-4996316-1128264,https://www.amazon.com/your-orders/order-details?orderID=113-4996316-1128264&ref=ppx_yo2ov_dt_b_fed_order_details,"AmazerBath 3PCS Shower Door Bottom Seal for 1/4 Inch Glass - (15.75 Inches * 3), 3 Section Segmented Shower Installation Kit Frameless Glass Door Seal Strip; ",Bill Lally,2025-12-13,10.59,0,,,0.6,,Visa ending in 9696: 2025-12-13: $10.59;
111-9314498-1231419,https://www.amazon.com/your-orders/order-details?orderID=111-9314498-1231419&ref=ppx_yo2ov_dt_b_fed_order_details,"LULUSILK Silk Scrunchies for Hair Sleep, 100% Real Mulberry Silk, No Damage Hair Ties for Women and Girls, Classic Black, Pack of 3; L’Occitane Hand Cream Classics 3-Piece Gift Set, Moisturizing Skincare Trio, Nourishing Creams for Dry Hands, Nails, and Cuticles, Travel-Sized, Vegan; ",Peter Lally,2025-12-15,45.57,0,,,2.58,,Visa ending in 2154: 2025-12-15: $45.57;
111-6606070-5128223,https://www.amazon.com/your-orders/order-details?orderID=111-6606070-5128223&ref=ppx_yo2ov_dt_b_fed_order_details,"Kedofe Ear Muffs for Winter Women Foldable Fuzzy Cold Outdoor Earmuffs Soft Faux Furry Ear Warmers Covers (Black); GENIANI Portable Small Cool Mist Humidifier – USB Powered (Not Rechargeable), Compact Desktop Humidifier for Plants, Office, Baby Room – Auto Shut Off & Night Light – Black, 0.25L; ",Jenna Lally,2025-12-17,43.85,0,,,3.9,,American Express ending in 1005: 2025-12-17: $43.85;
111-3770490-6025815,https://www.amazon.com/your-orders/order-details?orderID=111-3770490-6025815&ref=ppx_yo2ov_dt_b_fed_order_details,"CHARMKING Compression Socks (3 Pairs) - 15-20 mmHg, Athletic Support for Running, Cycling, Travel - Boost Circulation and Performance; LEVOIT Top Fill Humidifiers for Bedroom, 2.5L Tank for Large Room, Easy to Fill & Clean, 28dB Quiet Cool Mist Air Humidifier for Home Baby Nursery & Plants, Auto Shut-off and BPA-Free for Safety, 25H; ",Jenna Lally,2025-12-17,43.69,2.99,,,2.73,,American Express ending in 1005: 2025-12-17: $43.69;
113-9911087-4668268,https://www.amazon.com/fopo/order-details?orderID=113-9911087-4668268&ref=ppx_yo2ov_dt_b_fed_wwgs_wfm_ATVPDKIKX0DER,,Silver Spring,2025-12-21,15.68,,,,,,No current charges: 2025-12-21: $15.68;
111-5342507-8120226,https://www.amazon.com/your-orders/order-details?orderID=111-5342507-8120226&ref=ppx_yo2ov_dt_b_fed_order_details,"GENIANI Portable Small Cool Mist Humidifier – USB Powered (Not Rechargeable), Compact Desktop Humidifier for Plants, Office, Baby Room – Auto Shut Off & Night Light – Black, 0.25L; GENIANI Portable Cool Mist Humidifiers for Bedroom & Office - Ultrasonic Humidifier for Home, Baby, Small Room with Auto Shut Off, 250ML Easy to Clean Water Tank; ",Jenna Lally,2025-12-22,58.23,2.99,,,3.3,,American Express ending in 1005: 2025-12-22: $58.23;
113-3865332-2333844,https://www.amazon.com/fopo/order-details?orderID=113-3865332-2333844&ref=ppx_yo2ov_dt_b_fed_wwgs_wfm_ATVPDKIKX0DER,,Silver Spring,2025-12-24,8.11,,,,,,No current charges: 2025-12-24: $8.11;
114-6342795-3169868,https://www.amazon.com/your-orders/order-details?orderID=114-6342795-3169868&ref=ppx_yo2ov_dt_b_fed_order_details,"SLEEPDIARY King Size Pillows Set of 2,Hotel-Quality Bed Pillows with Zipper for Adjustable Loft, Machine Washable, Down Alternative Filling for Back, Side & Stomach Sleepers, White; Pepto Bismol Chewable Tablets, Upset Stomach Relief, Nausea Relief, Heartburn Relief, Indigestion Relief, Anti Diarrhea Medication for Adults - 5 Symptom Relief, 12 ct; EZY DOSE Disposable Pill, Vitamin, and Daily Medicine Organizer Pouches, Zippered Seal Baggies, Pocket Sized and Travel Friendly, Easy to Use, Write on Label, 100 Count, BPA Free; ",Marian Lally,2025-12-24,30.24,2.99,,,1.6,,Visa ending in 9696: 2025-12-24: $30.24;
114-3640841-8953869,https://www.amazon.com/your-orders/order-details?orderID=114-3640841-8953869&ref=ppx_yo2ov_dt_b_fed_order_details,"Off! Clean Feel Insect Repellent Aerosol with 20% Picaridin - Long-Lasting DEET-Free Protection from Mosquitoes, Fragrance-Free Pest Control for Ticks & Flies, Camping, Travel Size Bug Spray - 2.5 oz; ",Marian Lally,2025-12-24,4.23,0,,,0.24,,Visa ending in 9696: 2025-12-24: $4.23;
114-3212905-2029033,https://www.amazon.com/your-orders/order-details?orderID=114-3212905-2029033&ref=ppx_yo2ov_dt_b_fed_order_details,"Neosporin Original First Aid Antibiotic Ointment with Bacitracin Zinc for Infection Protection, Wound Care Treatment & Scar Appearance Minimizer for Minor Cuts, Scrapes and Burns,.5 oz; TUMS Tablets, 8 Count (Pack of 3); Neutrogena Ultra Sheer Dry-Touch Sunscreen Lotion SPF 70, Broad Spectrum, Water Resistant 80 Min, Oil-Free, Oxybenzone-Free, Non-Comedogenic, Matte Finish, Body Sunscreen, Travel Size 3 Fl Oz; ",Marian Lally,2025-12-24,16.44,0,,,0,,Visa ending in 9696: 2025-12-24: $16.44;
,,,,,,,,,,,
,,,,,,,,,,,
last_4,name,,,,,,,,,,
4631,Peter Lally,,,,,,,,,,
1005,Jenna Lally,,,,,,,,,,
1020,Jenna Lally,,,,,,,,,,
9062,Marian Lally,,,,,,,,,,
1923,Peter Lally,,,,,,,,,,
3631,James Lally,,,,,,,,,,
1279,Peter Lally,,,,,,,,,,
7741,Matthew Lally,,,,,,,,,,
9442,Jenna Lally,,,,,,,,,,
9422,Jenna Lally,,,,,,,,,,
4778,Jenna Lally,,,,,,,,,,
8817,Marian Lally Fitness & Pilates LLC,,,,,,,,,,
1116,Peter Lally,,,,,,,,,,
5899,Jenna Lally,,,,,,,,,,
9696,Marian Lally,,,,,,,,,,
2377,Jenna Lally,,,,,,,,,,
2154,Peter Lally,,,,,,,,,,
0869,Marian Lally,,,,,,,,,,